{
    "variants": {
        "check_decay=true,decayable=true,variant=redhot":  { "model": "sorcery:leaves_redhot" },
        "check_decay=false,decayable=true,variant=redhot":  { "model": "sorcery:leaves_redhot" },
"check_decay=true,decayable=false,variant=redhot":  { "model": "sorcery:leaves_redhot" },
"check_decay=false,decayable=false,variant=redhot":  { "model": "sorcery:leaves_redhot" },
"check_decay=true,decayable=true,variant=rainbow":  { "model": "sorcery:leaves_rainbow" },
        "check_decay=false,decayable=true,variant=rainbow":  { "model": "sorcery:leaves_rainbow" },
"check_decay=true,decayable=false,variant=rainbow":  { "model": "sorcery:leaves_rainbow" },
"check_decay=false,decayable=false,variant=rainbow":  { "model": "sorcery:leaves_rainbow" }
    }
}
