{
    "variants": {
        "axis=y,variant=redhot":  { "model": "sorcery:log_redhot" },
        "axis=z,variant=redhot":   { "model": "sorcery:log_redhot", "x": 90 },
        "axis=x,variant=redhot":   { "model": "sorcery:log_redhot", "x": 90, "y": 90 },
        "axis=none,variant=redhot": { "model": "sorcery:bark_redhot" },
    "axis=y,variant=rainbow":  { "model": "sorcery:log_rainbow" },
        "axis=z,variant=rainbow":   { "model": "sorcery:log_rainbow", "x": 90 },
        "axis=x,variant=rainbow":   { "model": "sorcery:log_rainbow", "x": 90, "y": 90 },
        "axis=none,variant=rainbow": { "model": "sorcery:bark_rainbow" }
    }
}
