{
  "pools": [
    {
      "rolls": {
        "min": 1,
        "max": 3
      },
      "entries": [
        {
          "type": "item",
          "name": "sorcery:super_rainbow_block",
          "weight": 20,
          "functions": [
            {
              "function": "set_data",
              "data": 0
            },
            {
              "function": "set_count",
              "count": {
                "min": 0,
                "max": 10
              }
            }
          ]
        },
        {
          "type": "item",
          "name": "sorcery:cannon",
          "weight": 20,
          "functions": [
            
            {
              "function": "set_count",
              "count": {
                "min": 0,
                "max": 1
              }
            }
          ]
        },
        {
          "type": "item",
          "name": "sorcery:cannonball",
          "weight": 20,
          "functions": [
            
            {
              "function": "set_count",
              "count": {
                "min": 0,
                "max": 30
              }
            },
            {
              "function": "looting_enchant",
              "count": {
                "min": 0,
                "max": 5
              }
            }
          ]
        },
        {
          "type": "item",
          "name": "minecraft:lava_bucket",
          "weight": 20,
          "functions": [
            {
              "function": "set_count",
              "count": {
                "min": 0,
                "max": 1
              }
            }
          ]
        },
        {
          "type": "item",
          "name": "minecraft:nether_star",
          "weight": 5,
          "functions": [
            {
              "function": "set_count",
              "count": {
                "min": 1,
                "max": 5
              }
            }
          ]
        },
        {
          "type": "item",
          "name": "minecraft:dragon_egg",
          "weight": 5,
          "functions": [
            {
              "function": "set_count",
              "count": {
                "min": 0,
                "max": 3
              }
            }
          ]
        }
      ]
    }
  ]
}