{
  "type": "minecraft:crafting_shapeless",
  "ingredients": [
    {
      "item": "sorcery:sheep_glove",
      "data": 0
    },
    {
      "item": "sorcery:iron_golem_glove",
      "data": 0
    },
    {
    "item": "sorcery:squid_glove",
      "data": 0
    },
    {
      "item": "sorcery:parrot_glove",
      "data": 0
    },
    {
      "item": "sorcery:cow_glove",
      "data": 0
    },
    {
      "item": "sorcery:horse_glove",
      "data": 0
    },
    {
      "item": "sorcery:ocelot_glove",
      "data": 0
    },
    {
      "item": "sorcery:rabbit_glove",
      "data": 0
    },
    {
      "item": "sorcery:chicken_glove",
      "data": 0
    }
  ],
  "result": {
    "item": "sorcery:peace_orb",
    "data": 0
  }
}