{
  "type": "minecraft:crafting_shapeless",
  "ingredients": [
    {"item":"sorcery:log",
"data":1
},
    
      {
        "item": "sorcery:log",
        "data": 1
      },
    {"item":"sorcery:log","data":1},
    {"item":"sorcery:log","data":1},
    {"item":"sorcery:log","data":1},
    {
      "item": "sorcery:super_rainbow_block"
    },
    {
      "item": "sorcery:super_rainbow_block"
    },
    {
      "item": "sorcery:super_rainbow_block"
    },
    {
      "item": "sorcery:super_rainbow_block"
    }
  ],
  "result": {
    "item": "sorcery:log",
    "data": 0,
    "count": 5
  }
}