{
  "type": "minecraft:crafting_shaped",
  "pattern": [
    "A",
    "S"
  ],
  "key": {
    "A": [
      {
        "item": "minecraft:log",
        "data": 0
      },
      {
        "item": "minecraft:log",
        "data": 1
      },
      {
        "item": "minecraft:log",
        "data": 2
      },
      {
        "item": "minecraft:log",
        "data": 3
      },
      {
        "item": "minecraft:log2",
        "data": 0
      },
      {
        "item": "minecraft:log2",
        "data": 1
      }
    ],
"S": {
      "item": "minecraft:fire_charge"
    }

  },
  "result": {
    "item": "sorcery:log",
    "data": 1
  }
}