{
    "display": {
        "icon": {
            "item": "sorcery:blank_glove",
            "data": 0
        },
        "title": {
            "text":"A mob glove"
        },
        "description": {
            "text":"Make any mob glove by hitting a mob with a blank glove"
        }
    },
    "parent": "sorcery:sorcery/ach7",
    "criteria": {
        "enderman": {
            "trigger": "minecraft:inventory_changed",
            "conditions": {
                "items": [{
                    "item": "sorcery:enderman_glove"
                }]
            }
        },
        "sheep": {
            "trigger": "minecraft:inventory_changed",
            "conditions": {
                "items": [{
                    "item": "sorcery:sheep_glove"
                }]
            }
        },
        "endermite": {
            "trigger": "minecraft:inventory_changed",
            "conditions": {
                "items": [{
                    "item": "sorcery:endermite_glove"
                }]
            }
        },
        "guardian": {
            "trigger": "minecraft:inventory_changed",
            "conditions": {
                "items": [{
                    "item": "sorcery:guardian_glove"
                }]
            }
        },
        "skeleton": {
            "trigger": "minecraft:inventory_changed",
            "conditions": {
                "items": [{
                    "item": "sorcery:skeleton_glove"
                }]
            }
        },
        "spider": {
            "trigger": "minecraft:inventory_changed",
            "conditions": {
                "items": [{
                    "item": "sorcery:spider_glove"
                }]
            }
        },
        "zombie": {
            "trigger": "minecraft:inventory_changed",
            "conditions": {
                "items": [{
                    "item": "sorcery:zombie_glove"
                }]
            }
        },
        "golem": {
            "trigger": "minecraft:inventory_changed",
            "conditions": {
                "items": [{
                    "item": "sorcery:iron_golem_glove"
                }]
            }
        },
        "squid": {
            "trigger": "minecraft:inventory_changed",
            "conditions": {
                "items": [{
                    "item": "sorcery:squid_glove"
                }]
            }
        },
        "parrot": {
            "trigger": "minecraft:inventory_changed",
            "conditions": {
                "items": [{
                    "item": "sorcery:parrot_glove"
                }]
            }
        },
        "cow": {
            "trigger": "minecraft:inventory_changed",
            "conditions": {
                "items": [{
                    "item": "sorcery:cow_glove"
                }]
            }
        },
        "horse": {
            "trigger": "minecraft:inventory_changed",
            "conditions": {
                "items": [{
                    "item": "sorcery:horse_glove"
                }]
            }
        },
        "ocelot": {
            "trigger": "minecraft:inventory_changed",
            "conditions": {
                "items": [{
                    "item": "sorcery:ocelot_glove"
                }]
            }
        },
        "rabbit": {
            "trigger": "minecraft:inventory_changed",
            "conditions": {
                "items": [{
                    "item": "sorcery:rabbit_glove"
                }]
            }
        },
        "chicken": {
            "trigger": "minecraft:inventory_changed",
            "conditions": {
                "items": [{
                    "item": "sorcery:chicken_glove"
                }]
            }
        },
        "wither_skeleton": {
            "trigger": "minecraft:inventory_changed",
            "conditions": {
                "items": [{
                    "item": "sorcery:wither_skeleton_glove"
                }]
            }
        },
        "blaze": {
            "trigger": "minecraft:inventory_changed",
            "conditions": {
                "items": [{
                    "item": "sorcery:blaze_glove"
                }]
            }
        },
        "magma": {
            "trigger": "minecraft:inventory_changed",
            "conditions": {
                "items": [{
                    "item": "sorcery:magma_cube_glove"
                }]
            }
        },
        "ghast": {
            "trigger": "minecraft:inventory_changed",
            "conditions": {
                "items": [{
                    "item": "sorcery:ghast_glove"
                }]
            }
        }
    },
    "requirements": [
        [
            "sheep",
"enderman",
"endermite",
"guardian",
"skeleton",
"spider",
"zombie",
"golem",
"squid",
"parrot",
"cow",
"horse",
"ocelot",
"rabbit",
"chicken",
"wither_skeleton",
"blaze",
"magma",
"ghast"
        ]
    ]
}