{
    "display": {
        "icon": {
            "item": "sorcery:war_orb"
        },
        "title": {
            "text":"World War III"
        },
        "description": {
            "text":"Make a war orb with all the overworld hostile mob gloves"
        },
        "frame": "challenge"
    },
    "parent": "sorcery:sorcery/ach11",
    "criteria": {
        "elytra": {
            "trigger": "minecraft:inventory_changed",
            "conditions": {
                "items": [
                    {
                        "item": "sorcery:war_orb"
                    }
                ]
            }
        }
    }
}