{
    "display": {
        "icon": {
            "item": "sorcery:peace_orb"
        },
       "title": {
            "text":"World Peace"
        },
        "description": {
            "text":"Make a peace orb with all the overworld non hostile mob gloves"
        },
        "frame": "challenge"
    },
    "parent": "sorcery:sorcery/ach11",
    "criteria": {
        "elytra": {
            "trigger": "minecraft:inventory_changed",
            "conditions": {
                "items": [
                    {
                        "item": "sorcery:peace_orb"
                    }
                ]
            }
        }
    }
}