{
    "display": {
        "icon": {
            "item": "sorcery:rainbow_bow",
            "data": 1
        },
        "title": {
            "text":"Bow Spam"
        },
        "description": {
            "text":"Grab a Rain-Bow to take bow spamming to a whole new level!"
        }
    },
    "parent": "sorcery:sorcery/ach6",
    "criteria": {
        "killed_dragon": {
            "trigger": "minecraft:inventory_changed",
            "conditions": {
                "items": [{
                    "item": "sorcery:rainbow_bow"
                }]
            }
        }
    }
}