{
    "display": {
        "icon": {
            "item": "sorcery:staff"
        },
        "title": {
            "text":"Staff"
        },
        "description": {
            "text":"Get the legendary staff with a gemstone made from all 4 orbs!"
        },
        "frame": "challenge"
    },
    "parent": "sorcery:sorcery/ach11",
    "criteria": {
        "elytra": {
            "trigger": "minecraft:inventory_changed",
            "conditions": {
                "items": [
                    {
                        "item": "sorcery:staff"
                    }
                ]
            }
        }
    }
}