{
    "display": {
        "icon": {
            "item": "minecraft:magma"
        },
        "title": {
            "text":"Why isn't this in the nether?"
        },
        "description": {
            "text":"Visit the nether imposter biome!"
        },
        "frame": "challenge"
    },
    "parent": "sorcery:sorcery/ach8",
    "criteria": {
        "birch_forest_hills": {
            "trigger": "minecraft:location",
            "conditions": {
                "biome": "sorcery:boil"
            }
        }    }
}