{
    "display": {
        "icon": {
            "item": "sorcery:fire_orb"
        },
        "title": {
            "text": "Hot Potatoe"
        },
        "description": {
            "text": "Get a fire orb by with all the nether mob gloves"
        },
        "frame": "challenge"
    },
    "parent": "sorcery:sorcery/ach11",
    "criteria": {
        "elytra": {
            "trigger": "minecraft:inventory_changed",
            "conditions": {
                "items": [
                    {
                        "item": "sorcery:fire_orb"
                    }
                ]
            }
        }
    }
}