{
    "display": {
        "icon": {
            "item": "sorcery:log",
            "data": 1
        },
        "title": {
            "text":"The cannon is too hot!"
        },
        "description": {
            "text":"Defeat the lava cannon"
        }
    },
    "parent": "sorcery:sorcery/ach6",
    "criteria": {
        "killed_dragon": {
            "trigger": "minecraft:player_killed_entity",
            "conditions": {
                "entity": {
                    "type": "sorcery:cannonmaster"
                }
            }
        }
    }
}