{
    "display": {
        "icon": {
            "item": "sorcery:rainbow_hammer",
            "data": 1
        },
        "title": {
            "text":"Mash 'Em"
        },
        "description": {
            "text":"Grab a hammer to mash your enemies with!"
        }
    },
    "parent": "sorcery:sorcery/ach6",
    "criteria": {
        "killed_dragon": {
            "trigger": "minecraft:inventory_changed",
            "conditions": {
                "items": [{
                    "item": "sorcery:rainbow_hammer"
                }]
            }
        }
    }
}